Surname,Country
Grigoryan,am
Harutyunyan,am
Sargsyan,am
Hovhannisyan,am
Khachatryan,am
Hakobyan,am
Petrosyan,am
Vardanyan,am
Gevorgyan,am
Karapetyan,am
Mkrtchyan,am
Ghazaryan,am
Manukyan,am
Avetisyan,am
Poghosyan,am
Martirosyan,am
Sahakyan,am
Arakelyan,am
Margaryan,am
Davtyan,am
Mammadov,az
Aliyev,az
Huseynov,az
Hasanov,az
Guliyev,az
Ismayilov,az
Ahmadov,az
Abdullayev,az
Abbasov,az
Jafarov,az
Akter,bd
Islam,bd
Khatun,bd
Hossain,bd
Rahman,bd
Ahmed,bd
Keo,kh
Khat,kh
Khay,kh
Khiev,kh
Khlot,kh
Kim,kh
Chhan,kh
Bird,kh
Chen,kh
Chhorn,kh
Chea,kh
Cheam,kh
Chin,kh
Chim,kh
Chey,kh
Chhet,kh
Chhim,kh
Nhek,kh
Duong,kh
Dith,kh
Din,kh
Dul,kh
Duong,kh
Droplets,kh
Tang,kh
Tat,kh
Taing,kh
Ty,kh
Tep,kh
Thy,kh
Khmer,kh
Pang,kh
Pok,kh
Bun,kh
Pen,kh
Phan,kh
means,kh
Phy,kh
Ma,kh
Mean,kh
Meas,kh
Muy,kh
Mul,kh
Meng,kh
Mao,kh
Yos,kh
Yun,kh
Yu,kh
Ros,kh
Lim,kh
Vang,kh
Vong,kh
Sor,kh
Sang,kh
Sam,kh
Sor,kh
Sang,kh
Sat,kh
San,kh
Say,kh
Sin,kh
Son,kh
Sok,kh
Song,kh
Son,kh
Suy,kh
So,kh
Su,kh
Soun,kh
Sieng,kh
Seng,kh
Sen,kh
Som,kh
Hong,kh
Hun,kh
Ho,kh
Long,kh
Ang,kh
Im,kh
Ong,kh
Uch,kh
Uy,kh
Eam,kh
Iv,kh
Um,kh
Ek,kh
Ok,kh
Om,kh
Wáng,cn
Wong,cn
Lǐ,cn
Lee,cn
Zhāng,cn
Cheung,cn
Liú,cn
Lau,cn
Chén,cn
Chan,cn
Yáng,cn
Yeung,cn
Huáng,cn
Wong,cn
Zhào,cn
Chiu,cn
Wú,cn
Ng,cn
Zhōu,cn
Chow,cn
Xú,cn
Tsui,cn
Sūn,cn
Suen,cn
Mǎ,cn
Ma,cn
Zhū,cn
Chu,cn
Hú,cn
Wu,cn
Guō,cn
Kwok,cn
Hé,cn
Ho,cn
Lín,cn
Lam,cn
Gāo,cn
Ko,cn
Luó,cn
Law,cn
Beridze,ge
Mamedov,ge
Mamedovi,ge
Kapanadze,ge
Gelashvili,ge
Aliyev,ge
Alievi,ge
Maisuradze,ge
Giorgadze,ge
Lomidze,ge
Tsiklauri,ge
Bolkvadze,ge
Kvaratskhelia,ge
Nozadze,ge
Khutsishvili,ge
Shengelia,ge
Abuladze,ge
Mikeladze,ge
Tabatadze,ge
Mchedlishvili,ge
Bairamov,ge
Bairamovi,ge
Gogoladze,ge
Devi,in
Kumar,in
Singh,in
Sharma,in
Ali,in
Yadav,in
Patel,in
Cohen,il
Levi,il
Levy,il
Mizrachi,il
Mizrahi,il
Peretz,il
Biton,il
Dahan,il
Avraham,il
Friedman,il
Malka,il
Malcah,il
Azoulay,il
Katz,il
Yosef,il
David,il
Amar,il
Omer,il
Ohayon,il
Ochion,il
Hadad,il
Chadad,il
Gabai,il
Ben-David,il
Adrei,il
Edry,il
Edri,il
Adary,il
Levin,il
Tal,il
Klein,il
Chen,il
Khen,il
Shapira,il
Chazan,il
Hazan,il
Moshe,il
Ashkenazi,il
Ohana,il
Segal,il
Segel,il
Golan,il
Satō,jp
Suzuki,jp
Takahashi,jp
Tanaka,jp
Watanabe,jp
Itō,jp
Nakamura,jp
Kobayashi,jp
Yamamoto,jp
Katō,jp
Yoshida,jp
Yamada,jp
Sasaki,jp
Yamaguchi,jp
Matsumoto,jp
Inoue,jp
Kimura,jp
Shimizu,jp
Hayashi,jp
Saitō,jp
Saitō,jp
Yamazaki,jp
Yamasaki,jp
Nakajima,jp
Nakashima,jp
Mori,jp
Abe,jp
Ikeda,jp
Hashimoto,jp
Ishikawa,jp
Yamashita,jp
Ogawa,jp
Ishii,jp
Hasegawa,jp
Gotō,jp
Okada,jp
Kondō,jp
Maeda,jp
Fujita,jp
Endō,jp
Aoki,jp
Sakamoto,jp
Murakami,jp
Ōta,jp
Kaneko,jp
Fujii,jp
Fukuda,jp
Nishimura,jp
Miura,jp
Takeuchi,jp
Nakagawa,jp
Okamoto,jp
Matsuda,jp
Harada,jp
Nakano,jp
Ono,jp
Tamura,jp
Fujiwara,jp
Fujihara,jp
Nakayama,jp
Ishida,jp
Kojima,jp
Wada,jp
Morita,jp
Uchida,jp
Shibata,jp
Sakai,jp
Hara,jp
Takagi,jp
Takaki,jp
Yokoyama,jp
Andō,jp
Miyazaki,jp
Miyasaki,jp
Ueda,jp
Ueta,jp
Shimada,jp
Kudō,jp
Ōno,jp
Miyamoto,jp
Sugiyama,jp
Imai,jp
Maruyama,jp
Masuda,jp
Takada,jp
Takata,jp
Murata,jp
Hirano,jp
Ōtsuka,jp
Sugawara,jp
Sugahara,jp
Takeda,jp
Taketa,jp
Arai,jp
Koyama,jp
Oyama,jp
Noguchi,jp
Sakurai,jp
Chiba,jp
Iwasaki,jp
Sano,jp
Taniguchi,jp
Ueno,jp
Matsui,jp
Kōno,jp
Kawano,jp
Ichikawa,jp
Watanabe,jp
Watabe,jp
Nomura,jp
Kikuchi,jp
Kinoshita,jp
Ahmetov,kz
Omarov,kz
Kim,kz
Ospanov,kz
Ivanov,kz
Aliev,kz
Suleimenov,kz
Iskakov,kz
Abdrahmanov,kz
Ibragimov,kz
Kaliev,kz
Sadykov,kz
Ibraev,kz
Kuznetsov,kz
Popov,kz
Smagulov,kz
Abdullaev,kz
Isaev,kz
Sultanov,kz
Iusupov,kz
Ismailov,kz
Nurgaliev,kz
Karimov,kz
Серик,kz
Li,kz
Tsoi,kz
Amangeldy,kz
Bolat,kz
Bondarenko,kz
Marat,kz
Серикбай,kz
Murat,kz
Kusainov,kz
Kim,kr
Gim,kr
Ghim,kr
Lee,kr
Yi,kr
Rhee,kr
Park,kr
Pak,kr
Bak,kr
Choi,kr
Choe,kr
Choy,kr
Joy,kr
Jeong,kr
Chung,kr
Cheong,kr
Jung,kr
Young,kr
Kang,kr
Gang,kr
Ghang,kr
Cho,kr
Jo,kr
Joe,kr
Yoon,kr
Yun,kr
Youn,kr
Jang,kr
Chang,kr
Lim,kr
Rim,kr
Im,kr
Rhim,kr
Han,kr
O,kr
Oh,kr
Seo,kr
Suh,kr
Seoh,kr
Shin,kr
Sin,kr
Kwon,kr
Gwon,kr
Kuen,kr
Hwang,kr
Huang,kr
Ahn,kr
An,kr
Song,kr
Yoo,kr
Yu,kr
Ryu,kr
Ryoo,kr
Jeon,kr
Jun,kr
Chun,kr
Cheon,kr
Hong,kr
Ko,kr
Koh,kr
Go,kr
Goh,kr
Mun,kr
Moon,kr
Mon,kr
Munn,kr
Yang,kr
Ryang,kr
Son,kr
Sohn,kr
Sonn,kr
Bae,kr
Bai,kr
Pai,kr
Pae,kr
Jo,kr
Cho,kr
Baek,kr
Paik,kr
Pak,kr
Bak,kr
Bhak,kr
Phak,kr
Hur,kr
Heo,kr
Her,kr
Hui,kr
Yu,kr
Yoo,kr
Liu,kr
Lau,kr
Yau,kr
Nam,kr
Nan,kr
Nham,kr
Sim,kr
Shim,kr
Shen,kr
No,kr
Noh,kr
Roh,kr
Jeong,kr
Jung,kr
Ha,kr
Hah,kr
Gwak,kr
Kwak,kr
Koak,kr
Seong,kr
Sung,kr
Shong,kr
Shung,kr
Cha,kr
Ju,kr
Joo,kr
Chu,kr
Zhu,kr
Zuu,kr
Juu,kr
Choo,kr
Woo,kr
U,kr
Gu,kr
Koo,kr
Goo,kr
Sin,kr
Shin,kr
Im,kr
Yim,kr
Na,kr
Ra,kr
La,kr
Jeon,kr
Jun,kr
Min,kr
Yu,kr
Yoo,kr
Jin,kr
Jean,kr
Chen,kr
Jen,kr
Ji,kr
Jee,kr
Eom,kr
Uhm,kr
Um,kr
Chaudhary,np
Chowdhury,np
Tamang,np
Gurung,np
Thapa,np
Rana,np
Yadav,np
Magar,np
Rai,np
Shrestha,np
Lama,np
Chhetri,np
Chetry,np
Shah,np
Sah ,np
Sharma,np
Singh,np
Bishwakarma,np
Maharjan,np
Nepali ,np
Pariyar,np
Pokharel,np
Pokhrel ,np
Tharu,np
dela Cruz,ph
Garcia,ph
Reyes,ph
Ramos,ph
Mendoza,ph
Santos,ph
Flores,ph
Gonzales,ph
Bautista,ph
Villanueva,ph
Fernandez,ph
Cruz,ph
de Guzman,ph
Lopez,ph
Perez,ph
Castillo,ph
Francisco,ph
Rivera,ph
Aquino,ph
Castro,ph
Sanchez,ph
Torres,ph
de Leon,ph
Domingo,ph
Martinez,ph
Rodriguez,ph
Santiago,ph
Soriano,ph
delos Santos,ph
Diaz,ph
Hernandez,ph
Tolentino,ph
Valdez,ph
Ramirez,ph
Morales,ph
Mercado,ph
Tan,ph
Aguilar,ph
Navarro,ph
Manalo,ph
Gomez,ph
Dizon,ph
del Rosario,ph
Javier,ph
Corpuz,ph
Gutierrez,ph
Salvador,ph
Velasco,ph
Miranda,ph
David,ph
Smirnov,ru
Ivanov,ru
Kuznetsov,ru
Popov,ru
Sokolov,ru
Lebedev,ru
Kozlov,ru
Novikov,ru
Morozov,ru
Petrov,ru
Volkov,ru
Solovyov,ru
Vasilyev,ru
Zaytsev,ru
Pavlov,ru
Semyonov,ru
Golubev,ru
Vinogradov,ru
Bogdanov,ru
Vorobyov,ru
Perera,lk
Fernando,lk
de Silva,lk
Bandara,lk
Kumara,lk
Dissanayake,lk
Mohamed,lk
Gamage,lk
Liyanage,lk
Jayasinghe,lk
Ranasinghe,lk
Herath,lk
Weerasinghe,lk
Peiris,lk
Rathnayake,lk
Wickramasinghe,lk
Wijesinghe,lk
Hettiarachchi,lk
Nanayakkara,lk
Ahamed,lk
Rajapaksha,lk
Mendis,lk
Pathirana,lk
Ekanayake,lk
Gunasekara,lk
Dias,lk
Sampath,lk
Amarasinghe,lk
Ratnayake,lk
Chathuranga,lk
Senanayake,lk
Samarasinghe,lk
Lakmal,lk
Munasinghe,lk
Rodrigo,lk
Seneviratne,lk
Rathnayaka,lk
Edirisinghe,lk
Jayawardena,lk
Fonseka,lk
Sanjeewa,lk
Gunawardana,lk
Gunawardena,lk
Karunaratne,lk
Jayaweera,lk
Jayasekara,lk
Ranaweera,lk
Jayawardana,lk
Jayasuriya,lk
Madusanka,lk
Yılmaz,tr
Kaya,tr
Demir,tr
Şahin,tr
Çelik,tr
Yıldız,tr
Yıldırım,tr
Öztürk,tr
Aydın,tr
Özdemir,tr
Arslan,tr
Doğan,tr
Kılıç,tr
Aslan,tr
Çetin,tr
Kara,tr
Koç,tr
Kurt,tr
Özkan,tr
Şimşek,tr
Nguyễn,vn
Trần,vn
Lê,vn
Phạm,vn
Huỳnh/Hoàng,vn
Phan,vn
Vũ/Võ,vn
Đặng,vn
Bùi,vn
Đỗ,vn
Hồ,vn
Ngô,vn
Dương,vn
Lý,vn
Phí,vn
Đào,vn
Đoàn,vn
Vương,vn
Trịnh,vn
Trương,vn
Lâm,vn
Phùng,vn
Mai,vn
Tô,vn
Hà,vn
Tạ,vn
Thân,vn
Trác,vn
Tống,vn
Hoa,vn
Khúc,vn
Từ,vn
Thường,vn
Tiêu,vn
Ngọ,vn
Kim,vn
Quách,vn
Đàm,vn
Triệu,vn
Mạc,vn
Thái,vn
Lưu,vn
Thạch,vn
Lương,vn
Chén,tw
Ch'en,tw
Can,tw
Chan,tw
Chun,tw
Tân,tw
Ting,tw
Lín,tw
Lin,tw
Lam,tw
Lum,tw
Lîm,tw
Lim,tw
Liem,tw
Huáng,tw
Huang,tw
Wong,tw
Wang,tw
Vang,tw
Ng,tw
Eng,tw
Ung,tw
Zhāng,tw
Chang,tw
Zoeng,tw
Cheung,tw
Chong,tw
Cheong,tw
Tiu,tw
Teo,tw
Teoh,tw
Tiong,tw
Lǐ,tw
Li,tw
Lei,tw
Lee,tw
Li,tw
Le,tw
Lei,tw
Lí,tw
Lee,tw
Wáng,tw
Wang,tw
Vong,tw
Ông,tw
Heng,tw
Wú,tw
Wu,tw
Gô͘,tw
Ngô͘,tw
Goh,tw
Gouw,tw
Woo,tw
Liú,tw
Liu,tw
Lau,tw
Lao,tw
Lou,tw
Lâu,tw
Low,tw
Cài,tw
Ts'ai,tw
Coi,tw
Choi,tw
Choy,tw
Tsoi,tw
Toy,tw
Chhoà,tw
Chua,tw
Choa,tw
Tsay,tw
Chai,tw
Yáng,tw
Yang,tw
Joeng,tw
Yeung,tw
Yeong,tw
Ieong,tw
Iû,tw
Eaw,tw
Young,tw
Hoxha,al
Prifti,al
Shehu,al
Dervishi,al
Bektashi,al
Begu,al
Gjoni,al
Leka,al
Gjoni,al
Murati,al
Mehmeti,al
Hysi,al
Gjika,al
Marku,al
Kola,al
Kolla,al
Nikolla,al
Hasani,al
Kristi,al
Kristo,al
Luka,al
Brahimi,al
Sinani,al
Thanasi,al
Halili,al
Abazi,al
Dibra,al
Laçi,al
Shkodra,al
Prishtina,al
Delvina,al
Koroveshi,al
Përmeti,al
Frashëri,al
Gega,al
Gegaj,al
Toska,al
Toskaj,al
Çami,al
Kelmendi,al
Shkreli,al
Berisha,al
Krasniqi,al
Gashi,al
Kuqi,al
Bardhi,al
Gruber,at
Huber,at
Bauer,at
Wagner,at
Müller,at
Pichler,at
Steiner,at
Moser,at
Mayer,at
Hofer,at
Leitner,at
Berger,at
Fuchs,at
Eder,at
Fischer,at
Schmid,at
Winkler,at
Weber,at
Schwarz,at
Maier,at
Schneider,at
Reiter,at
Mayr,at
Schmidt,at
Wimmer,at
Egger,at
Brunner,at
Lang,at
Baumgartner,at
Auer,at
Binder,at
Lechner,at
Wolf,at
Wallner,at
Aigner,at
Ebner,at
Koller,at
Lehner,at
Haas,at
Schuster,at
Heilig,at
Ivanoŭ,by
Kazloŭ,by
Kavalioŭ,by
Kazloŭski,by
Novik,by
Peeters,be
Janssens,be
Maes,be
Jacobs,be
Mertens,be
Willems,be
Claes,be
Goossens,be
Wouters,be
De Smet,be
Dubois,be
Lambert,be
Dupont,be
Martin,be
Diallo,be
Simon,be
Dumont,be
Leclercq,be
Laurent,be
Denis,be
Lejeune,be
Bah,be
Barry,be
Nguyen,be
Sow,be
Benali,be
Hodžić,ba
Hadžić,ba
Čengić,ba
Delić,ba
Demirović,ba
Kovačević,ba
Tahirović,ba
Ferhatović,ba
Muratović,ba
Ibrahimović,ba
Hasanović,ba
Mehmedović,ba
Salihović,ba
Terzić,ba
Ademović,ba
Adilović,ba
Delemović,ba
Zukić,ba
Krličević,ba
Suljić,ba
Ahmetović,ba
Kovačević,ba
Subotić,ba
Savić,ba
Popović,ba
Jovanović,ba
Petrović,ba
Đurić,ba
Babić,ba
Lukić,ba
Knežević,ba
Marković,ba
Ilić,ba
Đukić,ba
Vuković,ba
Vujić,ba
Simić,ba
Radić,ba
Nikolić,ba
Marić,ba
Mitrović,ba
Tomić,ba
Božić,ba
Golubović,ba
Mirković,ba
Ivanov,bg
Ivanova,bg
Georgiev,bg
Georgieva,bg
Dimitrov,bg
Dimitrova,bg
Petrov,bg
Petrova,bg
Nikolov,bg
Nikolova,bg
Hristov,bg
Hristova,bg
Stoyanov,bg
Stoyanova,bg
Todorov,bg
Todorova,bg
Iliev,bg
Ilieva,bg
Angelov,bg
Angelova,bg
Horvat,hr
Kovačević,hr
Babić,hr
Marić,hr
Jurić,hr
Novak,hr
Kovačić,hr
Knežević,hr
Vuković,hr
Marković,hr
Petrović,hr
Matić,hr
Tomić,hr
Pavlović,hr
Kovač,hr
Božić,hr
Blažević,hr
Grgić,hr
Pavić,hr
Radić,hr
Perić,hr
Filipović,hr
Šarić,hr
Lovrić,hr
Vidović,hr
Perković,hr
Popović,hr
Bošnjak,hr
Jukić,hr
Barišić,hr
Novák,cz
Nováková,cz
Svoboda,cz
Svobodová,cz
Novotný,cz
Novotná,cz
Dvořák,cz
Dvořáková,cz
Černý,cz
Černá,cz
Procházka,cz
Procházková,cz
Kučera,cz
Kučerová,cz
Veselý,cz
Veselá,cz
Horák,cz
Horáková,cz
Němec,cz
Němcová,cz
Nielsen,dk
Jensen,dk
Hansen,dk
Pedersen,dk
Andersen,dk
Christensen,dk
Larsen,dk
Sørensen,dk
Rasmussen,dk
Jørgensen,dk
Petersen,dk
Madsen,dk
Kristensen,dk
Olsen,dk
Thomsen,dk
Christiansen,dk
Poulsen,dk
Johansen,dk
Møller,dk
Mortensen,dk
Joensen,fo
Hansen,fo
Jacobsen,fo
Olsen,fo
Petersen,fo
Poulsen,fo
Johannesen,fo
Thomsen,fo
Nielsen,fo
Rasmussen,fo
Djurhuus,fo
Johansen,fo
Simonsen,fo
Danielsen,fo
Jensen,fo
Mortensen,fo
Højgaard,fo
Mikkelsen,fo
Sørensen,fo
Dam,fo
Ivanov,ee
Tamm,ee
Saar,ee
Sepp,ee
Mägi,ee
Smirnov,ee
Vassiljev,ee
Petrov,ee
Kask,ee
Kukk,ee
Kuznetsov,ee
Rebane,ee
Karpin,ee
Ilves,ee
Mihhailov,ee
Pärn,ee
Pavlov,ee
Semjonov,ee
Koppel,ee
Andrejev,ee
Aleksejev,ee
Korhonen,fi
Virtanen,fi
Mäkinen,fi
Nieminen,fi
Mäkelä,fi
Hämäläinen,fi
Laine,fi
Heikkinen,fi
Koskinen,fi
Järvinen,fi
Lehtonen,fi
Lehtinen,fi
Saarinen,fi
Salminen,fi
Heinonen,fi
Niemi,fi
Heikkilä,fi
Kinnunen,fi
Salonen,fi
Turunen,fi
Salo,fi
Laitinen,fi
Tuominen,fi
Rantanen,fi
Karjalainen,fi
Jokinen,fi
Mattila,fi
Savolainen,fi
Lahtinen,fi
Ahonen,fi
Martin,fr
Bernard,fr
Dubois,fr
Thomas,fr
Robert,fr
Richard,fr
Petit,fr
Durand,fr
Leroy,fr
Moreau,fr
Simon,fr
Laurent,fr
Lefebvre,fr
Michel,fr
Garcia,fr
David,fr
Bertrand,fr
Roux,fr
Vincent,fr
Fournier,fr
Morel,fr
Girard,fr
André,fr
Lefèvre,fr
Mercier,fr
Dupont,fr
Lambert,fr
Bonnet,fr
François,fr
Martinez,fr
Müller,de
Schmidt,de
Schneider,de
Fischer,de
Meyer,de
Weber,de
Wagner,de
Schulz,de
Becker,de
Hoffmann,de
Samaras,gr
Papoutsis,gr
Kritikos,gr
Aivaliotis,gr
Kontos,gr
Mytaras,gr
Koufos,gr
Nagy,hu
Kovács,hu
Tóth,hu
Szabó,hu
Horváth,hu
Varga,hu
Kiss,hu
Molnár,hu
Németh,hu
Farkas,hu
Balogh,hu
Papp,hu
Lakatos,hu
Takács,hu
Juhász,hu
Mészáros,hu
Oláh,hu
Simon,hu
Rácz,hu
Fekete,hu
Szilágyi,hu
Török,hu
Fehér,hu
Balázs,hu
Gál,hu
Blöndal,is
Thorarensen,is
Hansen,is
Olsen,is
Andersen,is
Petersen,is
Möller,is
Nielsen,is
Waage,is
Bergmann,is
Briem,is
Thorlacius,is
Jensen,is
Hjaltalín,is
Scheving,is
Petersen,is
Kvaran,is
Fjeldsted,is
Norðdahl,is
Berndsen,is
Murphy,ie
O'Kelly,ie
Kelly,ie
O'Sullivan,ie
Sullivan,ie
Walsh,ie
Smith,ie
O'Brien,ie
O'Byrne,ie
Byrne,ie
O'Ryan,ie
Ryan,ie
O'Connor,ie
O'Neill,ie
O'Reilly,ie
Reilly,ie
Doyle,ie
McCarthy,ie
O'Gallagher,ie
Gallagher,ie
O'Doherty,ie
Doherty,ie
Kennedy,ie
Lynch,ie
Murray,ie
O'Quinn,ie
Quinn,ie
O'Moore,ie
Moore,ie
Rossi,it
Russo,it
Ferrari,it
Esposito,it
Bianchi,it
Romano,it
Colombo,it
Bruno,it
Ricci,it
Greco,it
Marino,it
Gallo,it
De Luca,it
Conti,it
Costa,it
Mancini,it
Giordano,it
Rizzo,it
Lombardi,it
Barbieri,it
Moretti,it
Fontana,it
Caruso,it
Mariani,it
Ferrara,it
Santoro,it
Rinaldi,it
Leone,it
D'Angelo,it
Longo,it
Galli,it
Martini,it
Martinelli,it
Serra,it
Conte,it
Vitale,it
De Santis,it
Marchetti,it
Messina,it
Gentile,it
Villa,it
Marini,it
Lombardo,it
Coppola,it
Ferri,it
Parisi,it
De Angelis,it
Bianco,it
Amato,it
Fabbri,it
Gatti,it
Sala,it
Morelli,it
Grasso,it
Pellegrini,it
Ferraro,it
Monti,it
Palumbo,it
Grassi,it
Testa,it
Valentini,it
Carbone,it
Benedetti,it
Silvestri,it
Farina,it
D'Amico,it
Martino,it
Bernardi,it
Caputo,it
Mazza,it
Sanna,it
Fiore,it
De Rosa,it
Pellegrino,it
Giuliani,it
Rizzi,it
Di Stefano,it
Cattaneo,it
Rossetti,it
Orlando,it
Basile,it
Neri,it
Barone,it
Palmieri,it
Riva,it
Romeo,it
Franco,it
Sorrentino,it
Pagano,it
D'Agostino,it
Piras,it
Ruggiero,it
Montanari,it
Battaglia,it
Bellini,it
Castelli,it
Guerra,it
Poli,it
Valente,it
Ferretti,it
Krasniqi,xk
Gashi,xk
Berisha,xk
Morina,xk
Shala,xk
Bytyqi,xk
Hasani,xk
Kastrati,xk
Kryeziu,xk
Hoti,xk
Fatime,xk
Bajram,xk
Emine,xk
Bekim,xk
Afërdita,xk
Valon,xk
Egzon,xk
Arben,xk
Ramadan,xk
Muhamet,xk
Bērziņš,lv
Kalniņš,lv
Ozoliņš,lv
Jansons,lv
Ozols,lv
Liepiņš,lv
Krūmiņš,lv
Balodis,lv
Eglītis,lv
Zariņš,lv
Pētersons,lv
Vītols,lv
Kļaviņš,lv
Kārkliņš,lv
Vanags,lv
Kazlauskas,lt
Kazlauskienė,lt
Jankauskas,lt
Jankauskienė,lt
Petrauskas,lt
Petrauskienė,lt
Stankevičius,lt
Stankevičienė,lt
Vasiliauskas,lt
Vasiliauskienė,lt
Butkus,lt
Butkienė,lt
Žukauskas,lt
Žukauskienė,lt
Paulauskas,lt
Paulauskienė,lt
Urbonas,lt
Urbonienė,lt
Kavaliauskas,lt
Kavaliauskienė,lt
Schmit,lu
Muller,lu
Weber,lu
Hoffmann,lu
Wagner,lu
Thill,lu
Schmitz,lu
Schroeder,lu
Reuter,lu
Klein,lu
Becker,lu
Kieffer,lu
Kremer,lu
Faber,lu
Meyer,lu
Schneider,lu
Weiss,lu
Schiltz,lu
Simon,lu
Welter,lu
Hansen,lu
Majerus,lu
Ries,lu
Meyers,lu
Kayser,lu
Steffen,lu
Krier,lu
Braun,lu
Wagener,lu
Diederich,lu
Borg,mt
Camilleri,mt
Vella,mt
Farrugia,mt
Zammit,mt
Galea,mt
Micallef,mt
Grech,mt
Attard,mt
Spiteri,mt
Rusu,md
Ceban,md
Ciobanu,md
Țurcan,md
Cebotari,md
Sîrbu,md
Lungu,md
Munteanu,md
Rotari,md
Popa,md
Ursu,md
Guțu,md
Roșca,md
Melnic,md
Cojocari,md
Popović,me
Marković,me
Vujović,me
Radović,me
Ivanović,me
Radulović,me
Jovanović,me
Perović,me
Vuković,me
Kovačević,me
De Jong,nl
Jansen,nl
De Vries,nl
Van den Berg,nl
Van Dijk,nl
Van Dyk,nl
Bakker,nl
Janssen,nl
Visser,nl
Smit,nl
Meijer,nl
Meyer,nl
De Boer,nl
Mulder,nl
De Groot,nl
Bos,nl
Vos,nl
Peters,nl
Hendriks,nl
Van Leeuwen,nl
Dekker,nl
Brouwer,nl
De Wit,nl
Dijkstra,nl
Smits,nl
De Graaf,nl
Van der Meer,nl
Andov,mk
Angelov,mk
Bogdanov,mk
Bozinov,mk
Brankov,mk
Damcevski,mk
Davidov,mk
Dimitrov,mk
Donev,mk
Filipov,mk
Georgiev,mk
Ivanov,mk
Ivanovski,mk
Janev,mk
Kitanovski,mk
Koloski,mk
Kostovski,mk
Kostov,mk
Manasievski,mk
Markov,mk
Markovski,mk
Markoski,mk
Matovski,mk
Mladenovski,mk
Nikolovski,mk
Pavlovski,mk
Penov,mk
Petkov,mk
Petrevski,mk
Petrovski,mk
Popoff,mk
Popovski,mk
Ristevski,mk
Stojanov,mk
Trajanoski,mk
Trajanovski,mk
Trajcevski,mk
Trajkovski,mk
Hansen,no
Johansen,no
Olsen,no
Larsen,no
Andersen,no
Pedersen,no
Nilsen,no
Kristiansen,no
Jensen,no
Karlsen,no
Johnsen,no
Pettersen,no
Eriksen,no
Berg,no
Haugen,no
Hagen,no
Johannessen,no
Andreassen,no
Jacobsen,no
Dahl,no
Jørgensen,no
Halvorsen,no
Henriksen,no
Lund,no
Nowak,pl
Kowalski,pl
Wiśniewski,pl
Wójcik,pl
Kowalczyk,pl
Kamiński,pl
Lewandowski,pl
Zieliński,pl
Szymański,pl
Woźniak,pl
Dąbrowski,pl
Kozłowski,pl
Jankowski,pl
Mazur,pl
Kwiatkowski,pl
Wojciechowski,pl
Krawczyk,pl
Kaczmarek,pl
Piotrowski,pl
Grabowski,pl
Silva,pt
Santos,pt
Ferreira,pt
Pereira,pt
Oliveira,pt
Costa,pt
Rodrigues,pt
Martins,pt
Jesus,pt
Sousa,pt
Fernandes,pt
Gonçalves,pt
Gomes,pt
Lopes,pt
Marques,pt
Alves,pt
Almeida,pt
Ribeiro,pt
Pinto,pt
Carvalho,pt
Teixeira,pt
Moreira,pt
Correia,pt
Mendes,pt
Nunes,pt
Soares,pt
Vieira,pt
Monteiro,pt
Cardoso,pt
Rocha,pt
Neves,pt
Coelho,pt
Cruz,pt
Cunha,pt
Pires,pt
Duarte,pt
Reis,pt
Simões,pt
Antunes,pt
Matos,pt
Fonseca,pt
Machado,pt
Araújo,pt
Barbosa,pt
Tavares,pt
Lourenço,pt
Castro,pt
Figueiredo,pt
Azevedo,pt
Freitas,pt
Popa,ro
Popescu,ro
Pop,ro
Radu,ro
Dumitru,ro
Stan,ro
Stoica,ro
Gheorghe,ro
Matei,ro
Ciobanu,ro
Ionescu,ro
Rusu,ro
Jovanović,rs
Petrović,rs
Nikolić,rs
Marković,rs
Đorđević,rs
Stojanović,rs
Ilić,rs
Stanković,rs
Pavlović,rs
Milošević,rs
Horváth,sk
Kováč,sk
Varga,sk
Tóth,sk
Nagy,sk
Baláž,sk
Szabó,sk
Molnár,sk
Balog,sk
Lukáč,sk
Novák,sk
Kovács,sk
Polák,sk
Gajdoš,sk
Kollár,sk
Hudák,sk
Neméth,sk
Kováčik,sk
Oláh,sk
Oravec,sk
Novak,si
Horvat,si
Kovačič,si
Krajnc,si
Zupančič,si
Potočnik,si
Kovač,si
Mlakar,si
Kos,si
Vidmar,si
Golob,si
Turk,si
Božič,si
Kralj,si
Korošec,si
Zupan,si
Bizjak,si
Hribar,si
Kotnik,si
Kavčič,si
Rozman,si
Kastelic,si
Oblak,si
Žagar,si
Petek,si
Hočevar,si
Kolar,si
Košir,si
Koren,si
Klemenčič,si
García,es
Fernández,es
González,es
Rodríguez,es
López,es
Martínez,es
Sánchez,es
Pérez,es
Martín,es
Gómez,es
Ruiz,es
Hernández,es
Jiménez,es
Díaz,es
Álvarez,es
Moreno,es
Muñoz,es
Alonso,es
Gutiérrez,es
Romero,es
Navarro,es
Torres,es
Domínguez,es
Gil,es
Vázquez,es
Serrano,es
Ramos,es
Blanco,es
Sanz,es
Castro,es
Suárez,es
Ortega,es
Rubio,es
Molina,es
Delgado,es
Ramírez,es
Morales,es
Ortiz,es
Marín,es
Iglesias,es
Andersson,sv
Johansson,sv
Karlsson,sv
Nilsson,sv
Eriksson,sv
Larsson,sv
Olsson,sv
Persson,sv
Svensson,sv
Gustafsson,sv
Pettersson,sv
Jonsson,sv
Jansson,sv
Hansson,sv
Bengtsson,sv
Jönsson,sv
Lindberg,sv
Jakobsson,sv
Magnusson,sv
Olofsson,sv
Müller,ch
Meier,ch
Schmid,ch
Keller,ch
Weber,ch
Huber,ch
Meyer,ch
Schneider,ch
Steiner,ch
Fischer,ch
Brunner,ch
Baumann,ch
Gerber,ch
Frei,ch
Moser,ch
Melnyk,ua
Shevchenko,ua
Boyko,ua
Kovalenko,ua
Bondarenko,ua
Tkachenko,ua
Kovalchuk,ua
Kravchenko,ua
Yakovenko,ua
Shevchuk,ua
Koval,ua
Polishchuk,ua
Bondar,ua
Tkachuk,ua
Moroz,ua
Marchenko,ua
Lysenko,ua
Rudenko,ua
Savchenko,ua
Petrenko,ua
Brown,gb
Smith,gb
Patel,gb
Jones,gb
Williams,gb
Johnson,gb
Taylor,gb
Thomas,gb
Roberts,gb
Khan,gb
Lewis,gb
Jackson,gb
Clarke,gb
James,gb
Phillips,gb
Wilson,gb
Ali,gb
Mason,gb
Mitchell,gb
Rose,gb
Davis,gb
Davies,gb
Rodríguez,gb
Cox,gb
Alexander,gb
Smith,ca
Brown,ca
Tremblay,ca
Martin,ca
Roy,ca
Gagnon,ca
Lee,ca
Wilson,ca
Johnson,ca
MacDonald,ca
Hernández,cr
Mora,cr
Rodríguez,cr
González,cr
Jiménez,cr
Morales,cr
Sánchez,cr
Ramírez,cr
Pérez,cr
Calderón,cr
Gutiérrez,cr
Rojas,cr
Vargas,cr
Torres,cr
Salas,cr
Segura,cr
Valverde,cr
Villalobos,cr
Araya,cr
Herrera,cr
López,cr
Madrigal,cr
Rodríguez,cu
Pérez,cu
Martinez,cu
García,cu
Reyes,cu
Sánchez,cu
Díaz,cu
Peña,cu
Jiménez,cu
Ramírez,cu
Hernández,cu
Rosario,cu
González,cu
Santana,cu
Núñez,cu
Castillo,cu
de la Cruz,cu
Cruz,cu
Guzmán,cu
Gómez,cu
Santos,cu
López,cu
Fuentes,cu
Vásquez,cu
De Los Santos,cu
Mejía,cu
Ponce,cu
Fernández,cu
Vargas,cu
Montes,cu
Rodríguez,do
Pérez,do
Martinez,do
García,do
Reyes,do
Sánchez,do
Díaz,do
Peña,do
Jiménez,do
Ramírez,do
Hernández,do
Rosario,do
González,do
Santana,do
Núñez,do
Castillo,do
de la Cruz,do
Cruz,do
Guzmán,do
Gómez,do
Santos,do
López,do
Fuentes,do
Vásquez,do
De Los Santos,do
Mejía,do
Ponce,do
Fernández,do
Vargas,do
Montes,do
Hernández,sv
Martínez,sv
López,sv
García,sv
Rodríguez,sv
Flores,sv
Pérez,sv
Ramírez,sv
González,sv
Rivera,sv
Vásquez,sv
Cruz,sv
Mejía,sv
Rivas,sv
Sánchez,sv
Reyes,sv
Díaz,sv
Ramos,sv
Gómez,sv
Portillo,sv
Escobar,sv
Orellana,sv
Romero,sv
Aguilar,sv
Alvarado,sv
López,gt
García,gt
Morales,gt
Hernández,gt
Pérez,gt
González,gt
Rodríguez,gt
De León,gt
Ramírez,gt
Martínez,gt
Castillo,gt
Estrada,gt
Marroquín,gt
Gómez,gt
Vásquez,gt
Méndez,gt
Reyes,gt
Díaz,gt
Aguilar,gt
Velásquez,gt
Hernández,mx
García,mx
Martínez,mx
González,mx
López,mx
Rodríguez,mx
Pérez,mx
Sánchez,mx
Ramírez,mx
Flores,mx
Gómez,mx
Torres,mx
Díaz,mx
Vásquez,mx
Cruz,mx
Morales,mx
Gutiérrez,mx
Reyes,mx
Ruíz,mx
Jiménez,mx
Mendoza,mx
Aguilar,mx
Ortíz,mx
Álvarez,mx
Castillo,mx
Romero,mx
Moreno,mx
Chávez,mx
Rivera,mx
Ramos,mx
Herrera,mx
Medina,mx
Vargas,mx
Castro,mx
Méndez,mx
Guzmán,mx
Fernández,mx
Juárez,mx
Muñoz,mx
Ortega,mx
Salazar,mx
Rojas,mx
Guerrero,mx
Contreras,mx
Luna,mx
Domínguez,mx
Garza,mx
Velásquez,mx
Estrada,mx
Soto,mx
Cortez,mx
Lara,mx
Espinoza,mx
Vega,mx
Ávila,mx
Cervantes,mx
Sandoval,mx
Carrillo,mx
Alvarado,mx
Silva,mx
León,mx
Ríos,mx
Navarro,mx
Delgado,mx
Márquez,mx
Campos,mx
Ibarra,mx
Solís,mx
Rosas,mx
Miranda,mx
Camacho,mx
Valdez,mx
Cárdenas,mx
Orozco,mx
Aguirre,mx
Mejía,mx
Acosta,mx
Padilla,mx
Robles,mx
Núñez,mx
Peña,mx
Cabrera,mx
Rosales,mx
Molina,mx
Pacheco,mx
Castañeda,mx
Fuentes,mx
Valenzuela,mx
Rangel,mx
Ayala,mx
Meza,mx
Nava,mx
Valencia,mx
Maldonado,mx
Ochoa,mx
Serrano,mx
Tapia,mx
Salinas,mx
Suárez,mx
Zamora,mx
Smith,us
Johnson,us
Williams,us
Brown,us
Jones,us
Miller,us
Davis,us
Garcia,us
Rodriguez,us
Wilson,us
Martinez,us
Anderson,us
Taylor,us
Thomas,us
Hernandez,us
Moore,us
Martin,us
Jackson,us
Thompson,us
White,us
Lopez,us
Lee,us
Gonzalez,us
Harris,us
Clark,us
Lewis,us
Robinson,us
Walker,us
Perez,us
Hall,us
Young,us
Allen,us
Sanchez,us
Wright,us
King,us
Scott,us
Green,us
Baker,us
Adams,us
Nelson,us
Hill,us
Ramirez,us
Campbell,us
Mitchell,us
Roberts,us
Carter,us
Phillips,us
Evans,us
Turner,us
Torres,us
Parker,us
Collins,us
Edwards,us
Stewart,us
Flores,us
Morris,us
Nguyen,us
Murphy,us
Rivera,us
Cook,us
Rogers,us
Morgan,us
Peterson,us
Cooper,us
Reed,us
Bailey,us
Bell,us
Gomez,us
Kelly,us
Howard,us
Ward,us
Cox,us
Diaz,us
Richardson,us
Wood,us
Watson,us
Brooks,us
Bennett,us
Gray,us
James,us
Reyes,us
Cruz,us
Hughes,us
Price,us
Myers,us
Long,us
Foster,us
Sanders,us
Ross,us
Morales,us
Powell,us
Sullivan,us
Russell,us
Ortiz,us
Jenkins,us
Gutierrez,us
Perry,us
Butler,us
Barnes,us
Fisher,us
Smith,au
Jones,au
Williams,au
Brown,au
Wilson,au
Taylor,au
Johnson,au
White,au
Martin,au
Anderson,au
Thompson,au
Nguyen,au
Turner,au
Walker,au
Harris,au
Lee,au
Ryan,au
Robinson,au
Kelly,au
Murphy,au
Kumar,fj
Prasad,fj
Chand,fj
Singh,fj
Lal,fj
Sharma,fj
Narayan,fj
Khan,fj
Ali,fj
Devi,fj
Ram,fj
Naidu,fj
Chandra,fj
Nand,fj
Lata,fj
Deo,fj
Reddy,fj
Prakash,fj
Raj,fj
Maharaj,fj
Waqa,fj
Goundar,fj
Singh,nz
Smith,nz
Kaur,nz
Williams,nz
Patel,nz
Wilson,nz
Brown,nz
Taylor,nz
Jones,nz
Sharma,nz
González,ar
Rodríguez,ar
Fernández,ar
García,ar
López,ar
Martínez,ar
Pérez,ar
Álvarez,ar
Gómez,ar
Sánchez,ar
Díaz,ar
Vásquez,ar
Castro,ar
Romero,ar
Suárez,ar
Blanco,ar
Ruiz,ar
Alonso,ar
Torres,ar
Domínguez,ar
Gutiérrez,ar
Sosa,ar
Iglesias,ar
Giménez,ar
Ramírez,ar
Martín,ar
Varela,ar
Ramos,ar
Núñez,ar
Rossi,ar
Silva,ar
Méndez,ar
Hernández,ar
Flores,ar
Pereyra,ar
Ferrari,ar
Ortiz,ar
Medina,ar
Benítez,ar
Herrera,ar
Arias,ar
Acosta,ar
Moreno,ar
Aguirre,ar
Otero,ar
Cabrera,ar
Rey,ar
Rojas,ar
Vidal,ar
Molina,ar
Russo,ar
Paz,ar
Vega,ar
Costa,ar
Bruno,ar
Romano,ar
Morales,ar
Ríos,ar
Miranda,ar
Muñoz,ar
Franco,ar
Castillo,ar
Campos,ar
Bianchi,ar
Luna,ar
Correa,ar
Ferreyra,ar
Navarro,ar
Quiroga,ar
Colombo,ar
Cohen,ar
Pereyra,ar
Vera,ar
Lorenzo,ar
Gil,ar
Santos,ar
Delgado,ar
Godoy,ar
Rivas,ar
Rivero,ar
Gallo,ar
Peralta,ar
Soto,ar
Figueroa,ar
Juárez,ar
Marino,ar
Ponce,ar
Calvo,ar
Ibáñez,ar
Cáceres,ar
Carrizo,ar
Vargas,ar
Mendoza,ar
Aguilar,ar
Ledesma,ar
Guzmán,ar
Soria,ar
Villalba,ar
Prieto,ar
Maldonado,ar
Silva,br
Santos,br
Sousa,br
Oliveira,br
Pereira,br
Lima,br
Carvalho,br
Ferreira,br
Rodrigues,br
Almeida,br
Costa,br
Gomes,br
Martins,br
Araújo,br
Melo,br
Barbosa,br
Ribeiro,br
Alves,br
Cardoso,br
Schmitz,br
Schmidt,br
Rocha,br
Correia,br
Correa,br
Dias,br
Teixeira,br
Fernandes,br
Azevedo,br
Cavalcante,br
Cavalcanti,br
Montes,br
Morais,br
Gonçalves,br
González,cl
Muñoz,cl
Rojas,cl
Díaz,cl
Pérez,cl
Soto,cl
Contreras,cl
Silva,cl
Martínez,cl
Sepúlveda,cl
Morales,cl
Rodríguez,cl
López,cl
Fuentes,cl
Hernández,cl
Torres,cl
Araya,cl
Flores,cl
Espinoza,cl
Valenzuela,cl
Castillo,cl
Ramírez,cl
Reyes,cl
Gutiérrez,cl
Castro,cl
Vargas,cl
Álvarez,cl
Vásquez,cl
Tapia,cl
Fernández,cl
Sánchez,cl
Carrasco,cl
Gómez,cl
Cortés,cl
Herrera,cl
Núñez,cl
Jara,cl
Vergara,cl
Rivera,cl
Figueroa,cl
Riquelme,cl
García,cl
Miranda,cl
Bravo,cl
Vera,cl
Molina,cl
Vega,cl
Campos,cl
Sandoval,cl
Orellana,cl
Zúñiga,cl
Olivares,cl
Alarcón,cl
Gallardo,cl
Ortiz,cl
Garrido,cl
Salazar,cl
Guzmán,cl
Henríquez,cl
Saavedra,cl
Navarro,cl
Aguilera,cl
Parra,cl
Romero,cl
Aravena,cl
Pizarro,cl
Godoy,cl
Peña,cl
Cáceres,cl
Leiva,cl
Escobar,cl
Yáñez,cl
Valdés,cl
Vidal,cl
Salinas,cl
Cárdenas,cl
Jiménez,cl
Ruiz,cl
Lagos,cl
Maldonado,cl
Bustos,cl
Medina,cl
Pino,cl
Palma,cl
Moreno,cl
Sanhueza,cl
Carvajal,cl
Navarrete,cl
Sáez,cl
Alvarado,cl
Donoso,cl
Poblete,cl
Bustamante,cl
Toro,cl
Ortega,cl
Venegas,cl
Guerrero,cl
Paredes,cl
Farías,cl
San Martín,cl
Rodríguez,co
Gómez,co
González,co
Martínez,co
García,co
López,co
Hernández,co
Sánchez,co
Ramírez,co
Pérez,co
Díaz,co
Muñoz,co
Rojas,co
Moreno,co
Jiménez,co
González,py
Benítez,py
Martínez,py
López,py
Giménez,py
Vera,py
Duarte,py
Ramírez,py
Villalba,py
Fernández,py
Gómez,py
Acosta,py
Rojas,py
Ortiz,py
Cáceres,py
Rodríguez,py
Ruiz,py
Núñez,py
Ayala,py
Báez,py
Galeano,py
Herrera,py
Franco,py
Torres,py
Cardozo,py
Quispe,pe
Flores,pe
Sánchez,pe
Rodríguez,pe
García,pe
Rojas,pe
González,pe
Díaz,pe
Chávez,pe
Torres,pe
Ramírez,pe
Mendoza,pe
Ramos,pe
López,pe
Castillo,pe
Espinoza,pe
Vásquez,pe
Huamán,pe
Pérez,pe
Vargas,pe
Gutiérrez,pe
Fernández,pe
Castro,pe
Mamani,pe
Ruíz,pe
Romero,pe
Martínez,pe
Morales,pe
Reyes,pe
Salazar,pe
Lin,sr
Pinas,sr
Wong,sr
Chin,sr
Mohan,sr
Kalloe,sr
Singh,sr
Lie,sr
van Dijk,sr
Tjin,sr
Kluivert,sr
Semil,sr
Sabajo,sr